<?xml version="1.0" encoding="UTF-8"?>
<project basedir="." name="ppt-build-utils">
  
  <description>
    This ant module contains pieces of code that are used as utilities in the powerpoint generator.
  </description>
  
  
  <target name="jskPowerpointGetCountsAndIdscounts" 
    depends="jskPowerpointInitUtils, jskPowerpointCountSlides, 
      jskPowerpointCountNotes, jskPowerpointNoSlides, jskPowerpointNoNotes, jskPowerpointMaxRelsId"/>
  
  
  <!-- set up the properties we use to build powerpoint files -->
  <target name="jskPowerpointInitUtils" description="Set up utility scripts">
    
    <!-- where are our main xslt modules -->
    <property name="jsk.pptx.xsl.dir"
      value="${dita.plugin.com.jorsek.powerpoint.dir}${file.separator}xsl"/>

    <!-- where are our xslt utilities? -->
    <property name="jsk.pptx.xsl.utils.dir" 
      value="${jsk.pptx.xsl.dir}${file.separator}utils"/>
    
    <!-- where is the directory of files we use as templates? -->
    <property name="jsk.pptx.template.dir" 
      value="${dita.plugin.com.jorsek.powerpoint.dir}${file.separator}template"/>
    
    <!-- Where is the temporary unzipped powerpoint's slides directory? -->
    <property name="jsk.pptx.slides.dir" 
      value="${jsk.pptx.temp.dir}${file.separator}ppt${file.separator}slides"/>
    
    <!-- Where is the temporary unzipped powerpoint's notes directory? -->
    <property name="jsk.pptx.notes.dir" 
      value="${jsk.pptx.temp.dir}${file.separator}ppt${file.separator}notesSlides"/>
    
    <!-- Path to the master relationships file -->
    <property name="jsk.pptx.master.rels.file" 
      value="${jsk.pptx.temp.dir}${file.separator}ppt${file.separator}_rels${file.separator}presentation.xml.rels"/>
    
    <!-- Path to the slide layouts -->
    <property name="jsk.pptx.slide.layouts.dir"
      value="${jsk.pptx.temp.dir}${file.separator}ppt${file.separator}slideLayouts"/>
    
    <!-- Path to notes master -->
    <property name="jsk.pptx.notes.master.dir"
      value="${jsk.pptx.temp.dir}${file.separator}ppt${file.separator}notesMasters"/>
    
    
    <!-- Path to images -->
    <property name="jsk.pptx.image.dir"
      value="${jsk.pptx.temp.dir}${file.separator}ppt${file.separator}media"/>
    
    
    <!-- make sure output directories exist before getting their URIs - because ant requires this -->
    <mkdir dir="${jsk.pptx.slides.dir}"/>
    <mkdir dir="${jsk.pptx.notes.dir}"/>
    <mkdir dir="${jsk.pptx.image.dir}"/>
    <mkdir dir="${jsk.pptx.powerpoint.data.dir}"/>
    
    <!-- build the URIs for the output directories -->
    <makeurl property="jsk.pptx.slide.base.uri" file="${jsk.pptx.slides.dir}/"/> 
    <makeurl property="jsk.pptx.notes.base.uri" file="${jsk.pptx.notes.dir}"/>
    
    <!-- get the URI for the layouts directory -->
    <makeurl property="jsk.pptx.slide.layouts.uri" file="${jsk.pptx.slide.layouts.dir}"/>
    
    <!-- get the data dir as URI -->
    <makeurl property="jsk.pptx.powerpoint.data.uri" file="${jsk.pptx.powerpoint.data.dir}"/>
    
    
    <!-- do we have a slides dir? -->
    <condition property="jsk.pptx.has.slides">
      <available file="${jsk.pptx.slides.dir}" type="dir"/>
    </condition>
    
    <!-- do we have a notes dir? -->
    <condition property="jsk.pptx.has.notes">
      <available file="${jsk.pptx.notes.dir}" type="dir"/>
    </condition>
    
  </target>
  
    
  <!-- If the slides directory exists get the maximum slide number from the slide
    file names. This is not necessarily the count if something odd has happened so
  we check the numbers in file names themselves just to make sure. We can only
  do this if the directory exists because fn:collection() raises an exception 
  if the input dir doesn't exist. -->
    <target name="jskPowerpointCountSlides" if="${jsk.pptx.has.slides}" depends="jskPowerpointInitUtils">
    <!-- input file is a dummy -->
    <xslt 
      in="${jsk.pptx.template.dir}${file.separator}empty-result.xml"
      style="${jsk.pptx.xsl.utils.dir}${file.separator}get-max-file-number.xsl"
      out="${jsk.pptx.powerpoint.data.dir}${file.separator}slide-count.xml">
      <param name="collection-uri" expression="${jsk.pptx.slide.base.uri}?select=*xml"/>
      <xmlcatalog refid="dita.catalog"/>
    </xslt>
  </target>
  
  <!-- if we have no slides dir, output an empty equivalent file -->
    <target name="jskPowerpointNoSlides" unless="${jsk.pptx.has.slides}" depends="jskPowerpointInitUtils">
    <copy file="${jsk.pptx.template.dir}${file.separator}empty-result.xml" 
      tofile="${jsk.pptx.powerpoint.data.dir}${file.separator}slide-count.xml"/>
  </target>
  
  <!-- See  notes for count-slides -->
    <target name="jskPowerpointCountNotes" if="${jsk.pptx.has.notes}" depends="jskPowerpointInitUtils">
    <!-- input file is a dummy -->
    <xslt 
      in="${jsk.pptx.template.dir}${file.separator}empty-result.xml"
      style="${jsk.pptx.xsl.utils.dir}${file.separator}get-max-file-number.xsl"
      out="${jsk.pptx.powerpoint.data.dir}${file.separator}note-count.xml">
      <param name="collection-uri" expression="${jsk.pptx.notes.base.uri}?select=*xml"/>
      <xmlcatalog refid="dita.catalog"/>
    </xslt>
  </target>
  
  <!-- if we have no notes dir, output an empty equivalent file -->
    <target name="jskPowerpointNoNotes" unless="${jsk.pptx.has.notes}" depends="jskPowerpointInitUtils">
    <copy file="${jsk.pptx.template.dir}${file.separator}empty-result.xml" 
      tofile="${jsk.pptx.powerpoint.data.dir}${file.separator}note-count.xml"/>
  </target>
  
  <!-- get the maximum numeric id in the master relationships file -->
    <target name="jskPowerpointMaxRelsId" depends="jskPowerpointInitUtils">
    <xslt 
      in="${jsk.pptx.master.rels.file}"
      style="${jsk.pptx.xsl.utils.dir}${file.separator}get-max-rels-id.xsl"
      out="${jsk.pptx.powerpoint.data.dir}${file.separator}max-rels.xml"/>
      <xmlcatalog refid="dita.catalog"/>
  </target>
  
  <!-- convert the slide layouts and notes master to xslt -->
  <target name="jskPowerpointCreateStylesheets" depends="jskPowerpointInitUtils">
    
    <xslt style="${jsk.pptx.xsl.dir}${file.separator}build-master-slide-transform.xsl" 
      extension=".xsl" in="${args.jsk.pptx.config.file}"
      out="${jsk.pptx.powerpoint.data.dir}${file.separator}xsl${file.separator}generate-slides.xsl"
      >
      <param name="collection-uri" expression="${jsk.pptx.slide.layouts.uri}?select=*xml"/>
      
      <!-- note that these are URIs not paths so the separator must be '/' -->
      <param name="max-rels-uri" expression="${jsk.pptx.powerpoint.data.uri}/max-rels.xml"/>
      <param name="slide-count-uri" expression="${jsk.pptx.powerpoint.data.uri}/slide-count.xml"/>
      <param name="note-count-uri" expression="${jsk.pptx.powerpoint.data.uri}/note-count.xml"/>
      
      <xmlcatalog refid="dita.catalog"/>
    </xslt>
    
    <xslt style="${jsk.pptx.xsl.dir}${file.separator}notesMaster-to-stylesheet.xsl"
      in="${jsk.pptx.notes.master.dir}${file.separator}notesMaster1.xml"
      out="${jsk.pptx.powerpoint.data.dir}${file.separator}xsl${file.separator}notes-to-slides.xsl">
      <xmlcatalog refid="dita.catalog"/>
    </xslt>
    
  </target>
  
  
  
</project>