<?xml version="1.0" encoding="UTF-8"?>
<!DOCTYPE catalog PUBLIC "-//OASIS//DTD Entity Resolution XML Catalog V1.0//EN" "http://www.oasis-open.org/committees/entity/release/1.0/catalog.dtd">
<catalog xmlns="urn:oasis:names:tc:entity:xmlns:xml:catalog">

    <uri name="slide-to-pptx.xsl" uri="./xsl/slide-to-pptx.xsl"/>
    <uri name="slideml-base.xsl" uri="./xsl/slideml-base.xsl"/>
    <uri name="slideml-boilerplate.xsl" uri="./xsl/slideml-boilerplate.xsl"/>
    <uri name="slideml-cleanup.xsl" uri="./xsl/slideml-cleanup.xsl"/>
    <uri name="modules/content-type.xsl" uri="./xsl/modules/content-type.xsl"/>
  <uri name="modules/master-rels.xsl" uri="./xsl/modules/master-rels.xsl"/>
  <uri name="modules/slide-rels.xsl" uri="./xsl/modules/slide-rels.xsl"/>
  <uri name="modules/notes-rels.xsl" uri="./xsl/modules/notes-rels.xsl"/>

</catalog>