<?xml version="1.0" encoding="UTF-8"?>
<project basedir="." name="ppt-content-transforms">
  
  
  <!-- first convert all the of slides into powerpoint slides in a single document.
    Use this single document to get information we need to store in relationship
    files. Then split it up 
  -->
  <target name="jskPowerpointTransformSlides" 
    depends="jskPowerpointPreprocess, jskPowerpointMainTransform, jskPowerpointWriteSlides, jskPowerpointContentTypes, jskPowerpointWriteSlideRels, jskPowerpointMasterRels,
    jskPowerpointPresentationXml, jskPowerpointPresentationAppProps, jskPowerpointCopyImages"/>
  
  <target name="jskPowerpointPreprocess">
    
    <!-- any transformations to clean up content -->
    
    <xslt style="${jsk.pptx.xsl.dir}${file.separator}${file.separator}pre-ppt.xsl" 
      in="${dita.temp.dir}${file.separator}${dita.map.filename.root}-slides.xml"
      out="${dita.temp.dir}${file.separator}${dita.map.filename.root}-ppt-00.xml">
      <xmlcatalog refid="dita.catalog"/>      
    </xslt>
    
    
  </target>
  
  <target name="jskPowerpointMainTransform">
    
    <!-- primary transform -->
    <xslt style="${jsk.pptx.powerpoint.data.dir}${file.separator}xsl${file.separator}generate-slides.xsl" 
      in="${dita.temp.dir}${file.separator}${dita.map.filename.root}-ppt-00.xml"
      out="${dita.temp.dir}${file.separator}${dita.map.filename.root}-ppt-01.xml">
      <xmlcatalog refid="dita.catalog"/>      
    </xslt>
    
  </target>
  
  <target name="jskPowerpointWriteSlides" depends="jskPowerpointMainTransform">
    
       
    <!-- primary transform -->
    <xslt style="${jsk.pptx.xsl.dir}${file.separator}write-slides.xsl" 
      in="${dita.temp.dir}${file.separator}${dita.map.filename.root}-ppt-01.xml"
      out="${dita.temp.dir}dummy.xml">
      
      <param name="slide-base-uri" expression="${jsk.pptx.slide.base.uri}"/>
      <param name="notes-base-uri" expression="${jsk.pptx.notes.base.uri}"/>
      
      <xmlcatalog refid="dita.catalog"/>      
    </xslt>
    
  </target>
  
  <target name="jskPowerpointWriteSlideRels" depends="jskPowerpointMainTransform">
    
    <mkdir dir="${jsk.pptx.slides.dir}${file.separator}_rels"/>
    <mkdir dir="${jsk.pptx.notes.dir}${file.separator}_rels"/>
    
    <xslt style="${jsk.pptx.xsl.dir}${file.separator}/write-slide-rels.xsl"
      in="${dita.temp.dir}${file.separator}${dita.map.filename.root}-ppt-01.xml"
      out="${dita.temp.dir}dummy.xml">
      
      <param name="slide-rels-base-uri" expression="${jsk.pptx.slide.base.uri}/_rels/"/>
      <param name="notes-rels-base-uri" expression="${jsk.pptx.notes.base.uri}/_rels/"/>     
      
      <xmlcatalog refid="dita.catalog"/> 
    </xslt>
    
  </target>
  
  <target name="jskPowerpointContentTypes" depends="jskPowerpointMainTransform">
 
    <!-- extract content type -->
    <xslt style="${jsk.pptx.xsl.utils.dir}${file.separator}update-content-types.xsl" 
      in="${jsk.pptx.temp.dir}${file.separator}[Content_Types].xml"
      out="${dita.temp.dir}${file.separator}ct.xml">
      <param name="temp-file-uri" expression="${dita.temp.dir}${file.separator}${dita.map.filename.root}-ppt-01.xml"/>
      <xmlcatalog refid="dita.catalog"/>      
    </xslt>
    
    <!-- put the content types back in place -->
    <copy file="${dita.temp.dir}${file.separator}ct.xml" tofile="${jsk.pptx.temp.dir}${file.separator}[Content_Types].xml"/>
    
 
  </target>
  
  <target name="jskPowerpointMasterRels" depends="jskPowerpointMainTransform">
    
    <!-- Rewrite the master rels file -->
    <xslt style="${jsk.pptx.xsl.utils.dir}${file.separator}update-master-rels.xsl" 
      in="${jsk.pptx.temp.dir}${file.separator}ppt${file.separator}_rels${file.separator}presentation.xml.rels"
      out="${dita.temp.dir}${file.separator}rels.xml">
      <param name="temp-file-uri" expression="${dita.temp.dir}${file.separator}${dita.map.filename.root}-ppt-01.xml"/>
      <xmlcatalog refid="dita.catalog"/>      
    </xslt>
    
    <!-- replace the original master rels with the one we have written -->
    <copy file="${dita.temp.dir}${file.separator}rels.xml" 
      tofile="${jsk.pptx.temp.dir}${file.separator}ppt${file.separator}_rels${file.separator}presentation.xml.rels"/>
    
    
  </target>
  
  
  <target name="jskPowerpointPresentationXml" depends="jskPowerpointMainTransform">
    
    <!-- Rewrite the master presentation -->
    <xslt style="${jsk.pptx.xsl.utils.dir}${file.separator}update-presentation-xml.xsl" 
      in="${jsk.pptx.temp.dir}${file.separator}ppt${file.separator}presentation.xml"
      out="${dita.temp.dir}${file.separator}pres.xml">
      <param name="temp-file-uri" expression="${dita.temp.dir}${file.separator}${dita.map.filename.root}-ppt-01.xml"/>
      <xmlcatalog refid="dita.catalog"/>      
    </xslt>
    
    <!-- copy back over the origional presentation.xml -->
    <copy file="${dita.temp.dir}${file.separator}pres.xml" 
      tofile="${jsk.pptx.temp.dir}${file.separator}ppt${file.separator}presentation.xml"/>
    
    
  </target>
  
  
  <target name="jskPowerpointPresentationAppProps" depends="jskPowerpointMainTransform">
    
    <!-- Rewrite the application properties files -->
    <xslt style="${jsk.pptx.xsl.utils.dir}${file.separator}update-pres-props.xsl" 
      in="${jsk.pptx.temp.dir}${file.separator}docProps${file.separator}app.xml"
      out="${dita.temp.dir}${file.separator}props.xml">
      <param name="temp-file-uri" expression="${dita.temp.dir}${file.separator}${dita.map.filename.root}-ppt-01.xml"/>
      <xmlcatalog refid="dita.catalog"/>      
    </xslt>
    
    <!-- copy back over the original presentation properties -->
    <copy file="${dita.temp.dir}${file.separator}props.xml" 
      tofile="${jsk.pptx.temp.dir}${file.separator}docProps${file.separator}app.xml"/>
    
  </target>
  
  <!-- copy all of the image files to the images directory. -->
  <target name="jskPowerpointCopyImages" depends="jskPowerpointMainTransform">
    
    <copy todir="${jsk.pptx.image.dir}" failonerror="false" flatten="true">
      <dita-fileset format="image"/>
    </copy>
    
    
    
  </target>
  
  
  
  
</project>