<?xml version="1.0" encoding="UTF-8"?>
<project basedir="." name="jskPowerpoint">
  
  <import file="build-utils.xml"/>
  <import file="content-transforms.xml"/>

  <target name="dita2jskPowerpoint" depends="map2jskIntermediate, jskPowerpointInit, jskMakePowerpoint, createPptx"/>

  <target name="jskMakePowerpoint" depends="createPptxTemp, generatePptxContent"/>
  
  <target name="jskPowerpointInit">

    <property name="args.jsk.pptx.temp.dir"
      description="Relative directory to extract the powerpoint template to" value="pptx.temp"/>
    
    <property name="args.jsk.powerpoint.temp.dir" value="powerpoint"/>
    
    <property name="args.jsk.pptx.config.file" description="Slide to layout mapping file"
      value="${dita.plugin.com.jorsek.powerpoint.dir}${file.separator}config${file.separator}mappings.xml"/>
    
    <property name="args.jsk.pptx.generator" description="The script to create the powerpoint"
      value="${dita.plugin.com.jorsek.powerpoint.dir}${file.separator}xproc${file.separator}convert-to-powerpoint.xpl"/>
    
 <!--<property name="args.jsk.powerpoint.template"
      value="${dita.plugin.com.jorsek.powerpoint.dir}${file.separator}template${file.separator}generic-template.pptx/"/>-->
    
    <property name="args.jsk.powerpoint.template"
      value="${dita.plugin.com.jorsek.powerpoint.dir}${file.separator}template${file.separator}jorsek_deck_master.pptx/"/>
    
    
    <property name="jsk.pptx.temp.dir"
      value="${dita.temp.dir}${file.separator}${args.jsk.pptx.temp.dir}"/>
    
    <property name="jsk.pptx.powerpoint.data.dir" 
        value="${dita.temp.dir}${file.separator}${args.jsk.powerpoint.temp.dir}"/>
    
    <property name="jsk.pptx.powerpoint.content.dir"
      value="${jsk.pptx.temp.dir}${file.separator}ppt"/>
    
    <property name="jsk.pptx.powerpoint.slides.dir"
      value="${jsk.pptx.powerpoint.content.dir}${file.separator}slides"/>
    
    <!-- the powerpoint template must exist or we fail -->
    <fail message="The args.jsk.powerpoint.template property must be set and point at a valid file">
      <condition>
        <or>
          <not>
            <isset property="args.jsk.powerpoint.template"/>
          </not>
          <not>
            <available file="${args.jsk.powerpoint.template}"/>
          </not>
        </or>
      </condition>
    </fail>
    


  </target>


  <target name="createPptxTemp"
    description="Take the base PPTX file and unzip it before we build the final PPTX file">
  
      
    <!-- make sure that directory is empty if it exists -->
    <unzip src="${args.jsk.powerpoint.template}" dest="${jsk.pptx.temp.dir}"/>
  </target>

  <!-- create the powerpoint zip file -->
  <target name="createPptx">
    <delete file="${output.dir}${file.separator}${dita.map.filename.root}.pptx"/>
    <zip destfile="${output.dir}${file.separator}${dita.map.filename.root}.pptx"
      basedir="${jsk.pptx.temp.dir}"/>
  </target>

  <!-- build the powerpoint content -->
  <target name="generatePptxContent" depends="jskPowerpointGetCountsAndIdscounts, jskPowerpointCreateStylesheets, jskPowerpointTransformSlides"/>


</project>
