<?xml version="1.0" encoding="UTF-8"?><!-- (c) Copyright IBM Corp. 2004, 2005 All Rights Reserved.  See the accompanying license.txt file for applicable licenses.--><!-- (c) Copyright IBM Corp. 2004, 2005 All Rights Reserved. --><langlist>  
    

  <lang xml:lang="en" filename="strings-en-us.xml"/>
  <lang xml:lang="en-ca" filename="strings-en-us.xml"/>
  <lang xml:lang="en-gb" filename="strings-en-us.xml"/>
  <lang xml:lang="en-us" filename="strings-en-us.xml"/>
  <lang xml:lang="fr" filename="strings-fr-fr.xml"/>
  <lang xml:lang="fr-be" filename="strings-fr-fr.xml"/>
  <lang xml:lang="fr-ca" filename="strings-fr-fr.xml"/>
  <lang xml:lang="fr-ch" filename="strings-fr-fr.xml"/>
  <lang xml:lang="fr-fr" filename="strings-fr-fr.xml"/>



</langlist>