<?xml version="1.0" encoding="UTF-8"?>
<layout-map xmlns="urn:x-jorsek:ns:layout:mapping" default="green_title">
  
  <mapping source="yellow_title" layout="yellow_title"/><!-- slideLayout4 -->
  <mapping source="green_title" layout="green_title"/><!-- DEFAULT --><!-- slideLayout2 -->
  <mapping source="red_orange_title" layout="red_orange_title"/><!-- slideLayout3 -->
  <mapping source="aqua_title" layout="aqua_title"/><!-- slideLayout5 -->
  <mapping source="dk_gray_title" layout="dk_gray_title"/><!-- slideLayout6 -->
  <mapping source="list_slide" layout="list_slide"/><!-- slideLayout7 -->
  <mapping source="chart_slide" layout="chart_slide"/><!-- slideLayout8 -->
  <mapping source="statistic_slide" layout="statistic_slide"/><!-- slideLayout9 -->
  <mapping source="three_way_blue" layout="three_way_blue"/><!-- slideLayout10 -->
  <mapping source="two_way_compare" layout="two_way_compare"/><!-- slideLayout11 -->
  <mapping source="split_screen_compare" layout="split_screen_compare"/><!-- slideLayout12 -->
  <mapping source="dark_definition" layout="dark_definition"/><!-- slideLayout13 -->
  <mapping source="light_definition" layout="light_definition"/><!-- slideLayout14 -->
  <mapping source="gray_tip_or_exercise" layout="gray_tip_or_exercise"/><!-- slideLayout15 -->
  <mapping source="light_impact" layout="light_impact"/><!-- slideLayout16 -->
  <mapping source="left_image_title_text" layout="left_image_title_text"/><!-- slideLayout17 -->
  <mapping source="left_image_aqua" layout="left_image_aqua"/><!-- slideLayout18 -->
  <mapping source="blue_background_right_graphic" layout="blue_background_right_graphic"/><!-- slideLayout19 -->
  <mapping source="white_background_right_graphic" layout="white_background_right_graphic"/><!-- slideLayout20 -->
  <mapping source="full_image_text_bottom" layout="full_image_text_bottom"/><!-- slideLayout21 -->
  <mapping source="light_full_image_and_title" layout="light_full_image_and_title"/><!-- slideLayout22 -->
  <mapping source="dark_full_image_and_text" layout="dark_full_image_and_text"/><!-- slideLayout23 -->
  <mapping source="computer_screen" layout="computer_screen"/><!-- slideLayout24 -->
  <mapping source="white_quote_and_logo" layout="white_quote_and_logo"/><!-- slideLayout30 -->
  <mapping source="aqua_quote_and_logo" layout="aqua_quote_and_logo"/><!-- slideLayout25 -->
  <mapping source="speaker" layout="speaker"/><!-- slideLayout26 -->
  <mapping source="spreadsheet_table" layout="spreadsheet_table"/><!-- slideLayout27 -->
  <mapping source="blank_with_left_aligned_header_light" layout="blank_with_left_aligned_header_light"/> <!-- slideLayout28 -->
  <mapping source="blank_with_left_aligned_header_dark" layout="blank_with_left_aligned_header_dark"/><!-- slideLayout29 -->
  <mapping source="thank_you" layout="thank_you"/><!-- slideLayout31 -->
  
  <!-- stub mappings -->
  <mapping source="Title_slide" layout="Title_slide"/> <!-- slideLayout1 -->
  


</layout-map>
