<?xml version="1.0" encoding="UTF-8"?>
<project>
   
   
  <target name="dita2jskIntermediate" depends="build-init, preprocess, map2jskIntermediate"/> 
  
  
  <target name="jsk.image.metadata" depends="build-init, preprocess">
    <pipeline message="Read image metadata." taskname="image-metadata" tempdir="${dita.temp.dir}">
      <module class="org.dita.dost.module.ImageMetadataModule">
        <param name="outputdir" location="${output.dir}"/>
      </module>
    </pipeline>
  </target>
  
  <target name="map2jskIntermediate" unless="noMap" depends="build-init, preprocess, jsk.image.metadata">

    <dirname property="dita.temp.dir.fullpath" file="${dita.temp.dir}${file.separator}dummyt.file"></dirname>

    <pipeline message="topicmerge" inputmap="${dita.temp.dir.fullpath}${file.separator}${user.input.file}" tempdir="${dita.temp.dir.fullpath}">
      <module class="org.dita.dost.module.TopicMergeModule">
        <param name="output" location="${dita.temp.dir.fullpath}${file.separator}${dita.map.filename.root}_MERGED.xml"></param>
      </module>
    </pipeline>

    <!-- Note: the style attribute makes use of the dita.plugin.com.jorsek.intermediate.dir property.
         This property is generated when the plug-in is integrated, using the plug-in's ID
         (resulting in the property dita.plugin.PLUGIN-ID.dir )-->
    <xslt
          in="${dita.temp.dir}${file.separator}${dita.map.filename.root}_MERGED.xml"
          out="${dita.temp.dir}${file.separator}${dita.map.filename.root}-jsk-temp-01.xml"
          style="${dita.plugin.com.jorsek.intermediate.dir}${file.separator}xsl${file.separator}dita-merge-to-slides.xsl">
      <xmlcatalog refid="dita.catalog"/>
    </xslt>
    
    <!-- Until we get namespace output right on the html content, we need to fixup namespaces -->
    
    <xslt
      in="${dita.temp.dir}${file.separator}${dita.map.filename.root}-jsk-temp-01.xml"
      out="${dita.temp.dir}${file.separator}${dita.map.filename.root}-jsk-temp-02.xml"
      style="${dita.plugin.com.jorsek.intermediate.dir}${file.separator}xsl${file.separator}namespace-fixup.xsl">
      <xmlcatalog refid="dita.catalog"/>
    </xslt>
    
    <!-- clean up slides where we have content that isn't in any sort of block (lone spans) -->
    <xslt
      in="${dita.temp.dir}${file.separator}${dita.map.filename.root}-jsk-temp-02.xml"
      out="${dita.temp.dir}${file.separator}${dita.map.filename.root}-slides.xml"
      style="${dita.plugin.com.jorsek.intermediate.dir}${file.separator}xsl${file.separator}cleanup-slides.xsl">
      <xmlcatalog refid="dita.catalog"/>
    </xslt>
    
  </target>
  

</project>
